id,repo,title,family_id,disposition,previously_exposed,bounded_claim,challenge,screening_reason,reference_url,code_urls,disclosure_review,fixture_status
N01,netbox,"Brief serializers, stale guidance and retained special cases",netbox/serializer-representation,control,True,Ordinary nested relationships can reuse primary serializers using nested=True and brief_fields; specialised nested serializers still exist. Identify the conflicting style guide if documents are available.,Ordinary related object versus specialised representation; identify the allowed route without banning every retained class.,Conflict case: competing documentation and retained exceptions.,https://github.com/netbox-community/netbox/blob/ea4c205a37baa3e58e6e481158c15c6154cceeff/docs/plugins/development/migration-v4.md#L227,https://github.com/netbox-community/netbox/blob/ea4c205a37baa3e58e6e481158c15c6154cceeff/netbox/netbox/api/serializers/base.py#L17 ; https://github.com/netbox-community/netbox/blob/ea4c205a37baa3e58e6e481158c15c6154cceeff/netbox/ipam/api/serializers_/asns.py#L16 ; https://github.com/netbox-community/netbox/blob/ea4c205a37baa3e58e6e481158c15c6154cceeff/netbox/ipam/api/serializers_/nested.py#L13,Pending semantic review; lexical triage recorded,Not built
N02,netbox,Model validation belongs in clean with inherited validation retained,netbox/model-validation,advance,True,Model-level additional validation uses clean and calls inherited clean; callers still need a validation path such as full_clean.,Add a model invariant used through multiple entry points; retain inherited validation.,Model validation and inherited behavior; source access and realistic caller fixture required.,https://github.com/netbox-community/netbox/blob/ea4c205a37baa3e58e6e481158c15c6154cceeff/docs/development/extending-models.md#L34,https://github.com/netbox-community/netbox/blob/ea4c205a37baa3e58e6e481158c15c6154cceeff/netbox/dcim/models/racks.py#L39 ; https://github.com/netbox-community/netbox/blob/ea4c205a37baa3e58e6e481158c15c6154cceeff/netbox/dcim/models/sites.py#L24 ; https://github.com/netbox-community/netbox/blob/ea4c205a37baa3e58e6e481158c15c6154cceeff/netbox/netbox/models/__init__.py#L25 ; https://github.com/netbox-community/netbox/blob/ea4c205a37baa3e58e6e481158c15c6154cceeff/netbox/netbox/api/serializers/base.py#L17,Pending semantic review; lexical triage recorded,Not built
N03,netbox,Feature composition permits both full and selective mixins,netbox/feature-composition,advance,True,NetBoxModel bundles features; a plugin can compose a subset using feature mixins and a Django model base. Feature registration follows inheritance.,A plugin model requiring only two features must not be forced into the full feature bundle.,"Selective capability composition, rather than compulsory full base class.",https://github.com/netbox-community/netbox/blob/ea4c205a37baa3e58e6e481158c15c6154cceeff/docs/plugins/development/models.md#L69,https://github.com/netbox-community/netbox/blob/ea4c205a37baa3e58e6e481158c15c6154cceeff/netbox/netbox/models/__init__.py#L25 ; https://github.com/netbox-community/netbox/blob/ea4c205a37baa3e58e6e481158c15c6154cceeff/netbox/netbox/models/features.py#L49,Pending semantic review; lexical triage recorded,Not built
N04,netbox,ObjectType convention has a GenericForeignKey exception,netbox/content-type-boundary,advance,True,Use the ObjectType proxy for ordinary object-type operations; the concrete content-type FK backing a generic relationship points to Django ContentType.,Compare a feature-selection relation and a GenericForeignKey backing field.,Concrete/proxy exception at generic relationship boundary.,https://github.com/netbox-community/netbox/blob/ea4c205a37baa3e58e6e481158c15c6154cceeff/docs/plugins/development/migration-v4.md#L25,https://github.com/netbox-community/netbox/blob/ea4c205a37baa3e58e6e481158c15c6154cceeff/netbox/core/models/contenttypes.py#L12 ; https://github.com/netbox-community/netbox/blob/ea4c205a37baa3e58e6e481158c15c6154cceeff/netbox/extras/models/customfields.py#L53 ; https://github.com/netbox-community/netbox/blob/ea4c205a37baa3e58e6e481158c15c6154cceeff/netbox/tenancy/models/contacts.py#L20 ; https://github.com/netbox-community/netbox/blob/ea4c205a37baa3e58e6e481158c15c6154cceeff/netbox/extras/models/models.py#L45,Pending semantic review; lexical triage recorded,Not built
N05,netbox,"Private model flag controls catalogue inclusion, not blanket authorisation",netbox/model-catalogue,advance,True,_netbox_private excludes the model from registry[models] and the public object-type catalogue. Feature registration is a separate loop.,A hidden support model can retain feature registration; distinguish catalogue hiding from permissions.,Catalogue visibility is separate from access control.,https://github.com/netbox-community/netbox/blob/ea4c205a37baa3e58e6e481158c15c6154cceeff/docs/plugins/development/models.md#L65,https://github.com/netbox-community/netbox/blob/ea4c205a37baa3e58e6e481158c15c6154cceeff/netbox/netbox/models/features.py#L49 ; https://github.com/netbox-community/netbox/blob/ea4c205a37baa3e58e6e481158c15c6154cceeff/netbox/core/models/contenttypes.py#L12 ; https://github.com/netbox-community/netbox/blob/ea4c205a37baa3e58e6e481158c15c6154cceeff/netbox/extras/models/tags.py#L24,Pending semantic review; lexical triage recorded,Not built
N06,netbox,Script dry-run rollback is bounded to database transaction behaviour,netbox/script-transactions,advance,True,"ScriptJob wraps the call in a transaction and aborts that transaction when commit is false. This does not establish rollback of emails, files, network calls or every database connection.",A script writes a model and emits an external event: distinguish which operation is protected.,Database transaction boundary does not cover arbitrary external effects.,https://github.com/netbox-community/netbox/blob/ea4c205a37baa3e58e6e481158c15c6154cceeff/docs/customization/custom-scripts.md#L51,https://github.com/netbox-community/netbox/blob/ea4c205a37baa3e58e6e481158c15c6154cceeff/netbox/extras/jobs.py#L16 ; https://github.com/netbox-community/netbox/blob/ea4c205a37baa3e58e6e481158c15c6154cceeff/netbox/extras/scripts.py#L51 ; https://github.com/netbox-community/netbox/blob/ea4c205a37baa3e58e6e481158c15c6154cceeff/netbox/utilities/exceptions.py#L13,Pending semantic review; lexical triage recorded,Not built
N07,netbox,Field propagation depends on intended surfaces,netbox/field-propagation,control,True,"Consider API, forms, filters, tables and search; update each surface when required by the field purpose. Code can reveal existing mappings, not every future product requirement.","One field is internal-only, another must be editable and filterable; compare obligations supplied in each task.",Exposure depends on intended use; no universal every-field-everywhere rule.,https://github.com/netbox-community/netbox/blob/ea4c205a37baa3e58e6e481158c15c6154cceeff/docs/development/extending-models.md#L66,https://github.com/netbox-community/netbox/blob/ea4c205a37baa3e58e6e481158c15c6154cceeff/netbox/dcim/models/sites.py#L24 ; https://github.com/netbox-community/netbox/blob/ea4c205a37baa3e58e6e481158c15c6154cceeff/netbox/dcim/api/serializers_/sites.py#L21 ; https://github.com/netbox-community/netbox/blob/ea4c205a37baa3e58e6e481158c15c6154cceeff/netbox/dcim/forms/filtersets.py#L63 ; https://github.com/netbox-community/netbox/blob/ea4c205a37baa3e58e6e481158c15c6154cceeff/netbox/dcim/filtersets.py#L86 ; https://github.com/netbox-community/netbox/blob/ea4c205a37baa3e58e6e481158c15c6154cceeff/netbox/dcim/tables/sites.py#L22,Pending semantic review; lexical triage recorded,Not built
N08,netbox,Registry mutability contract and enforcement gap,netbox/registry-enforcement,control,True,Normal item assignment/deletion is blocked while nested store values remain mutable. The documented intent is stronger than enforcement through inherited dict methods.,"Contrast item replacement, nested mutation and inherited update; flag the implementation gap rather than invent permission to bypass.","Local dictionary enforcement gap; useful conflict control, not headline architecture.",https://github.com/netbox-community/netbox/blob/ea4c205a37baa3e58e6e481158c15c6154cceeff/docs/development/application-registry.md#L5,https://github.com/netbox-community/netbox/blob/ea4c205a37baa3e58e6e481158c15c6154cceeff/netbox/netbox/registry.py#L5 ; https://github.com/netbox-community/netbox/blob/ea4c205a37baa3e58e6e481158c15c6154cceeff/netbox/netbox/models/features.py#L49,Pending semantic review; lexical triage recorded,Not built
N09,netbox,Supported plugin API is a compatibility commitment,netbox/api-authority,control,True,"Code reveals importable interfaces and usage. Without the support-policy record, it cannot establish the exact documented compatibility boundary; request authority.",An importable internal utility is convenient; code-only answer must not promise long-term compatibility.,Hidden compatibility promise cannot be established by code.,https://github.com/netbox-community/netbox/blob/ea4c205a37baa3e58e6e481158c15c6154cceeff/docs/plugins/development/index.md#L26,https://github.com/netbox-community/netbox/blob/ea4c205a37baa3e58e6e481158c15c6154cceeff/netbox/netbox/plugins/__init__.py#L43 ; https://github.com/netbox-community/netbox/blob/ea4c205a37baa3e58e6e481158c15c6154cceeff/netbox/netbox/models/__init__.py#L25,Pending semantic review; lexical triage recorded,Not built
N10,netbox,Dependency acceptance includes a one-year maintenance criterion,netbox/dependency-authority,control,True,"Pins and existing dependencies are observable; the release-age threshold, licence acceptability and procurement rationale require external policy evidence.",Two otherwise similar dependencies differ in release age; code alone cannot supply the governing cutoff.,Hidden dependency threshold cannot be established from installed versions.,https://github.com/netbox-community/netbox/blob/ea4c205a37baa3e58e6e481158c15c6154cceeff/docs/development/style-guide.md#L58,https://github.com/netbox-community/netbox/blob/ea4c205a37baa3e58e6e481158c15c6154cceeff/base_requirements.txt#L1 ; https://github.com/netbox-community/netbox/blob/ea4c205a37baa3e58e6e481158c15c6154cceeff/requirements.txt#L1,Pending semantic review; lexical triage recorded,Not built
N11,netbox,Released migrations have a policy exception for bug correction,netbox/migration-authority,control,True,A code snapshot does not establish release status or the authorised bug-correction exception; request the policy and release history.,Contrast unreleased consolidation and a released migration bug; neither authority can be invented from file age.,Released migration policy and its exception require external authority.,https://github.com/netbox-community/netbox/blob/ea4c205a37baa3e58e6e481158c15c6154cceeff/docs/development/extending-models.md#L30,https://github.com/netbox-community/netbox/blob/ea4c205a37baa3e58e6e481158c15c6154cceeff/netbox/dcim/migrations/0188_racktype.py#L11,Pending semantic review; lexical triage recorded,Not built
N12,netbox,Pre-change snapshots precede edits for correct change logging,netbox/change-logging,advance,True,"For an existing object supporting change logging, capture the pre-edit state before mutation so the change record has the correct before state. Some managed paths do this centrally.",Compare manual script mutation with a managed path that already captures the snapshot; detect late snapshots.,Pre-edit state capture with managed-path exceptions.,https://github.com/netbox-community/netbox/blob/ea4c205a37baa3e58e6e481158c15c6154cceeff/docs/customization/custom-scripts.md#L221,https://github.com/netbox-community/netbox/blob/ea4c205a37baa3e58e6e481158c15c6154cceeff/netbox/netbox/models/features.py#L49 ; https://github.com/netbox-community/netbox/blob/ea4c205a37baa3e58e6e481158c15c6154cceeff/netbox/netbox/api/viewsets/__init__.py#L34 ; https://github.com/netbox-community/netbox/blob/ea4c205a37baa3e58e6e481158c15c6154cceeff/netbox/core/signals.py#L1 ; https://github.com/netbox-community/netbox/blob/ea4c205a37baa3e58e6e481158c15c6154cceeff/netbox/dcim/models/racks.py#L39,Pending semantic review; lexical triage recorded,Not built
N13,netbox,Permission constraint composition,netbox/permissions,advance,False,Conditions within an object intersect; alternative objects and applicable permission grants combine as alternatives.,Distinguish two restrictive attributes in one grant from two separate grants; do not accidentally turn an OR into an AND.,"Crosses permission collection and query construction; related to N14, not an independent subsystem.",https://github.com/netbox-community/netbox/blob/ea4c205a37baa3e58e6e481158c15c6154cceeff/docs/administration/permissions.md#L32,https://github.com/netbox-community/netbox/blob/ea4c205a37baa3e58e6e481158c15c6154cceeff/netbox/utilities/permissions.py#L86 ; https://github.com/netbox-community/netbox/blob/ea4c205a37baa3e58e6e481158c15c6154cceeff/netbox/netbox/authentication/__init__.py#L92,Pending semantic review; lexical triage recorded,Not built
N14,netbox,Permission checks on the resulting saved state,netbox/permissions,advance,False,"For these API writes, save and check the resulting restricted queryset inside a transaction so changes that escape allowed scope are rolled back.",Move an otherwise editable object outside its permitted region; contrast a valid in-scope update.,Causal transaction and access-control interaction; limit claims to inspected write paths.,https://github.com/netbox-community/netbox/blob/ea4c205a37baa3e58e6e481158c15c6154cceeff/docs/administration/permissions.md#L113,https://github.com/netbox-community/netbox/blob/ea4c205a37baa3e58e6e481158c15c6154cceeff/netbox/netbox/api/viewsets/__init__.py#L166 ; https://github.com/netbox-community/netbox/blob/ea4c205a37baa3e58e6e481158c15c6154cceeff/netbox/netbox/api/viewsets/__init__.py#L186,Pending semantic review; lexical triage recorded,Not built
N15,netbox,Outbound event actions are deferred selectively,netbox/background-events,advance,False,Webhook delivery and custom-script execution are enqueued; event-rule evaluation and notification creation are not universally moved to a worker by this code.,A slow outbound webhook versus an in-process notification action; do not generalize queueing to every step of event processing.,"Source narrows the broad documentation: inspect each action branch. Supports a scoped request/worker boundary, not blanket asynchronous execution.",https://github.com/netbox-community/netbox/blob/ea4c205a37baa3e58e6e481158c15c6154cceeff/docs/features/event-rules.md#L32,https://github.com/netbox-community/netbox/blob/ea4c205a37baa3e58e6e481158c15c6154cceeff/netbox/extras/events.py#L156 ; https://github.com/netbox-community/netbox/blob/ea4c205a37baa3e58e6e481158c15c6154cceeff/netbox/extras/events.py#L121,Pending semantic review; lexical triage recorded,Not built
N16,netbox,Idempotent scheduling with explicit on-demand jobs,netbox/job-scheduling,advance,False,Schedule creation checks pending jobs under an advisory lock; on-demand enqueue remains permitted and a changed schedule can replace a pending one.,Concurrent repeated schedule requests versus an explicit immediate job; reject a universal one-job-ever rule.,Substantive concurrency and lifecycle interpretation; runnable concurrency fixture still needed.,https://github.com/netbox-community/netbox/blob/ea4c205a37baa3e58e6e481158c15c6154cceeff/docs/plugins/development/background-jobs.md#L43,https://github.com/netbox-community/netbox/blob/ea4c205a37baa3e58e6e481158c15c6154cceeff/netbox/netbox/jobs.py#L130 ; https://github.com/netbox-community/netbox/blob/ea4c205a37baa3e58e6e481158c15c6154cceeff/netbox/netbox/jobs.py#L129,Pending semantic review; lexical triage recorded,Not built
N17,netbox,Plugin queues require workers that service them,netbox/job-scheduling,advance,False,Defining a custom plugin queue does not itself establish that a worker services it; queue configuration and worker subscription are separate.,A successfully enqueued plugin task never executes under default worker subscriptions.,Boundary between application registration and deployment; must include worker configuration as allowed evidence.,https://github.com/netbox-community/netbox/blob/ea4c205a37baa3e58e6e481158c15c6154cceeff/docs/plugins/development/background-jobs.md#L127,https://github.com/netbox-community/netbox/blob/ea4c205a37baa3e58e6e481158c15c6154cceeff/netbox/netbox/settings.py#L766 ; https://github.com/netbox-community/netbox/blob/ea4c205a37baa3e58e6e481158c15c6154cceeff/netbox/core/management/commands/rqworker.py#L8,Pending semantic review; lexical triage recorded,Not built
N18,netbox,Custom fields stored alongside model records,netbox/custom-fields,calibration,False,"Custom field values are stored in the object's JSON field, separate from the definitions of those fields.",Distinguish per-object values from field definitions; do not invent a measured performance benefit.,Storage representation is mostly local extraction; published performance rationale needs separate attribution.,https://github.com/netbox-community/netbox/blob/ea4c205a37baa3e58e6e481158c15c6154cceeff/docs/customization/custom-fields.md#L7,https://github.com/netbox-community/netbox/blob/ea4c205a37baa3e58e6e481158c15c6154cceeff/netbox/netbox/models/features.py#L166,Pending semantic review; lexical triage recorded,Not built
N19,netbox,System-job registration depends on importing its module,netbox/plugin-startup,advance,False,A registration decorator takes effect when its module is imported; plugin startup must make declared system jobs reachable.,"Add a valid decorated job in an unimported module, then contrast startup that imports it.",Crosses declaration and initialization; source discovery alone cannot show a job is registered.,https://github.com/netbox-community/netbox/blob/ea4c205a37baa3e58e6e481158c15c6154cceeff/docs/plugins/development/background-jobs.md#L93,https://github.com/netbox-community/netbox/blob/ea4c205a37baa3e58e6e481158c15c6154cceeff/netbox/netbox/jobs.py#L21 ; https://github.com/netbox-community/netbox/blob/ea4c205a37baa3e58e6e481158c15c6154cceeff/netbox/netbox/plugins/__init__.py#L100,Pending semantic review; lexical triage recorded,Not built
N20,netbox,Custom-field requiredness and defaults,netbox/custom-fields,advance,False,Custom field definitions and model validation jointly constrain values; requiredness applies to relevant saves and defaults do not make every supplied value valid.,"Save a required field missing, with a valid default, and with an invalid explicit value through a validation-aware path.",Schema/data interaction; avoid claiming every raw ORM save performs validation.,https://github.com/netbox-community/netbox/blob/ea4c205a37baa3e58e6e481158c15c6154cceeff/docs/customization/custom-fields.md#L29,https://github.com/netbox-community/netbox/blob/ea4c205a37baa3e58e6e481158c15c6154cceeff/netbox/netbox/models/features.py#L162 ; https://github.com/netbox-community/netbox/blob/ea4c205a37baa3e58e6e481158c15c6154cceeff/netbox/extras/models/customfields.py#L662,Pending semantic review; lexical triage recorded,Not built
N21,netbox,Final newline style rule,netbox/formatting,reject,False,The project asks for a final newline.,A file with or without a trailing newline.,A linter-level formatting rule adds little evidence about substantive interpretation; rejected from the architecture inventory.,https://github.com/netbox-community/netbox/blob/ea4c205a37baa3e58e6e481158c15c6154cceeff/docs/development/style-guide.md#L13,,Pending semantic review; lexical triage recorded,Not built
W01,wagtail,Page permissions propagate down the tree,wagtail/page-permissions,advance,False,A grant at an ancestor governs descendants; a root grant reaches the whole tree subject to other action-specific checks.,A user edits a descendant but not a sibling outside the granted subtree.,Structural scope with a meaningful negative case.,https://github.com/wagtail/wagtail/blob/bddc5eaf2e77d6777b11d0e8cd4a3b62cf707417/docs/topics/permissions.md#L26,https://github.com/wagtail/wagtail/blob/bddc5eaf2e77d6777b11d0e8cd4a3b62cf707417/wagtail/permission_policies/pages.py#L9 ; https://github.com/wagtail/wagtail/blob/bddc5eaf2e77d6777b11d0e8cd4a3b62cf707417/wagtail/models/pages.py#L2324,Pending semantic review; lexical triage recorded,Not built
W02,wagtail,Add permission combines with page ownership,wagtail/page-permissions,advance,False,"Add permission can allow editing owned pages; deletion has additional subtree and publication checks, so edit permission alone is not an unconditional deletion guarantee.","An editor creates drafts, edits their own draft, and tries to delete a live subtree without publishing rights.",Reference language requires qualification against code; grouped with W01.,https://github.com/wagtail/wagtail/blob/bddc5eaf2e77d6777b11d0e8cd4a3b62cf707417/docs/topics/permissions.md#L28,https://github.com/wagtail/wagtail/blob/bddc5eaf2e77d6777b11d0e8cd4a3b62cf707417/wagtail/models/pages.py#L2365 ; https://github.com/wagtail/wagtail/blob/bddc5eaf2e77d6777b11d0e8cd4a3b62cf707417/wagtail/models/pages.py#L2390,Pending semantic review; lexical triage recorded,Not built
W03,wagtail,Chooser visibility is not content secrecy,wagtail/asset-access,advance,False,"Choose permissions filter selection interfaces; reading document contents has separate privacy and serving requirements, and image secrecy is not established by the chooser.",A hidden chooser item is referenced directly; evaluate content-serving checks separately.,Distinct UI and content access boundaries; never score UI filtering as full authorization.,https://github.com/wagtail/wagtail/blob/bddc5eaf2e77d6777b11d0e8cd4a3b62cf707417/docs/topics/permissions.md#L52,https://github.com/wagtail/wagtail/blob/bddc5eaf2e77d6777b11d0e8cd4a3b62cf707417/wagtail/permission_policies/collections.py#L207 ; https://github.com/wagtail/wagtail/blob/bddc5eaf2e77d6777b11d0e8cd4a3b62cf707417/wagtail/documents/views/serve.py#L18 ; https://github.com/wagtail/wagtail/blob/bddc5eaf2e77d6777b11d0e8cd4a3b62cf707417/wagtail/documents/wagtail_hooks.py#L165,Pending semantic review; lexical triage recorded,Not built
W04,wagtail,Document privacy depends on the serving route,wagtail/asset-access,advance,False,Application serving checks cannot protect a file also exposed by a direct storage URL; deployment configuration is part of the boundary.,Compare protected serve_view access with a publicly reachable storage URL.,Requires controlled storage fixture; application code alone cannot prove deployment privacy.,https://github.com/wagtail/wagtail/blob/bddc5eaf2e77d6777b11d0e8cd4a3b62cf707417/docs/advanced_topics/documents/storing_and_serving.md#L33,https://github.com/wagtail/wagtail/blob/bddc5eaf2e77d6777b11d0e8cd4a3b62cf707417/wagtail/documents/views/serve.py#L18 ; https://github.com/wagtail/wagtail/blob/bddc5eaf2e77d6777b11d0e8cd4a3b62cf707417/wagtail/documents/models.py#L165 ; https://github.com/wagtail/wagtail/blob/bddc5eaf2e77d6777b11d0e8cd4a3b62cf707417/wagtail/documents/wagtail_hooks.py#L165,Pending semantic review; lexical triage recorded,Not built
W05,wagtail,Collection management cannot remove its permission anchor,wagtail/collection-management,advance,False,Management grants allow operations below their anchor; deleting a collection also requires it to be empty and childless.,Delete an empty descendant versus the grant anchor or a collection with descendants.,Permission scope interacts with hierarchy integrity.,https://github.com/wagtail/wagtail/blob/bddc5eaf2e77d6777b11d0e8cd4a3b62cf707417/docs/topics/permissions.md#L66,https://github.com/wagtail/wagtail/blob/bddc5eaf2e77d6777b11d0e8cd4a3b62cf707417/wagtail/permission_policies/collections.py#L391 ; https://github.com/wagtail/wagtail/blob/bddc5eaf2e77d6777b11d0e8cd4a3b62cf707417/wagtail/admin/views/collections.py#L134,Pending semantic review; lexical triage recorded,Not built
W06,wagtail,Revision persistence needs clustered relationships,wagtail/revision-content,defer,False,Revision serialization must include unsaved child and many-to-many state; documented clustered relationships support that boundary.,Save a draft with changed child relations and compare restored content with ordinary database relations.,"Key semantics live in django-modelcluster, not this checkout; dependency source must be pinned and audited before advancing.",https://github.com/wagtail/wagtail/blob/bddc5eaf2e77d6777b11d0e8cd4a3b62cf707417/docs/topics/snippets/features.md#L151,https://github.com/wagtail/wagtail/blob/bddc5eaf2e77d6777b11d0e8cd4a3b62cf707417/wagtail/models/revisions.py#L384 ; https://github.com/wagtail/wagtail/blob/bddc5eaf2e77d6777b11d0e8cd4a3b62cf707417/wagtail/models/revisions.py#L346,Pending semantic review; lexical triage recorded,Not built
W07,wagtail,Draft snippets need explicit live filtering at use sites,wagtail/snippet-publishing,advance,False,A snippet's draft state does not automatically exclude it from all page rendering; consumers must apply the intended live-state handling.,Render a page referencing an unpublished snippet and compare a live-aware implementation.,Lifecycle state versus downstream consumption; no universal enforcement inferred from the mixin.,https://github.com/wagtail/wagtail/blob/bddc5eaf2e77d6777b11d0e8cd4a3b62cf707417/docs/topics/snippets/features.md#L253,https://github.com/wagtail/wagtail/blob/bddc5eaf2e77d6777b11d0e8cd4a3b62cf707417/wagtail/models/draft_state.py#L13 ; https://github.com/wagtail/wagtail/blob/bddc5eaf2e77d6777b11d0e8cd4a3b62cf707417/wagtail/snippets/views/snippets.py#L508,Pending semantic review; lexical triage recorded,Not built
W08,wagtail,Workflow support composes revisions and publishing,wagtail/workflow-composition,advance,False,Workflow-enabled models require revision and draft-state support in the appropriate inheritance order; locking is recommended rather than universally mandatory.,A workflow mixin on a plain model versus the complete required composition; permit omission of optional locking.,"Dependency and exception reasoning, with existing checks as evaluator evidence kept out of drafter inputs.",https://github.com/wagtail/wagtail/blob/bddc5eaf2e77d6777b11d0e8cd4a3b62cf707417/docs/topics/snippets/features.md#L296,https://github.com/wagtail/wagtail/blob/bddc5eaf2e77d6777b11d0e8cd4a3b62cf707417/wagtail/models/workflows.py#L1196 ; https://github.com/wagtail/wagtail/blob/bddc5eaf2e77d6777b11d0e8cd4a3b62cf707417/wagtail/models/draft_state.py#L56,Pending semantic review; lexical triage recorded,Not built
W09,wagtail,Lockable mixin ordering,wagtail/workflow-composition,merge,False,Lockable and revision mixins have an enforced ordering when composed.,Swap mixin order while keeping names unchanged.,Merge into W08 as a challenge variant; do not count it as an independent architectural decision.,https://github.com/wagtail/wagtail/blob/bddc5eaf2e77d6777b11d0e8cd4a3b62cf707417/docs/topics/snippets/features.md#L284,https://github.com/wagtail/wagtail/blob/bddc5eaf2e77d6777b11d0e8cd4a3b62cf707417/wagtail/models/locking.py#L40,Pending semantic review; lexical triage recorded,Not built
W10,wagtail,Translation identity is shared across locales,wagtail/translation,advance,False,Translation siblings share a key but each locale permits only one member; identity is not determined by title or path alone.,Create a second translation in the same locale versus a translation in a new locale.,Data invariant connected to lookup behavior.,https://github.com/wagtail/wagtail/blob/bddc5eaf2e77d6777b11d0e8cd4a3b62cf707417/docs/advanced_topics/i18n.md#L70,https://github.com/wagtail/wagtail/blob/bddc5eaf2e77d6777b11d0e8cd4a3b62cf707417/wagtail/models/i18n.py#L177 ; https://github.com/wagtail/wagtail/blob/bddc5eaf2e77d6777b11d0e8cd4a3b62cf707417/wagtail/models/i18n.py#L287,Pending semantic review; lexical triage recorded,Not built
W11,wagtail,Locale-specific page trees and homepages,wagtail/translation,advance,False,"Wagtail's built-in locale model uses related pages in locale-specific trees, with routing selecting the appropriate translated homepage.",Two locale homepages with different child structures; avoid assuming every page must have a translated counterpart.,"Crosses tree and routing; correlated with W10, not a new repository-level replication.",https://github.com/wagtail/wagtail/blob/bddc5eaf2e77d6777b11d0e8cd4a3b62cf707417/docs/advanced_topics/i18n.md#L78,https://github.com/wagtail/wagtail/blob/bddc5eaf2e77d6777b11d0e8cd4a3b62cf707417/wagtail/models/pages.py#L1410 ; https://github.com/wagtail/wagtail/blob/bddc5eaf2e77d6777b11d0e8cd4a3b62cf707417/wagtail/models/i18n.py#L247,Pending semantic review; lexical triage recorded,Not built
W12,wagtail,Rich-text storage is distinct from rendered HTML,wagtail/rich-text,advance,False,Stored rich text retains entity references and must be expanded for rendering; final HTML is not the full storage contract.,A stored page link after the target URL changes; compare reference expansion with a hard-coded URL.,Representation boundary with a meaningful lifecycle challenge.,https://github.com/wagtail/wagtail/blob/bddc5eaf2e77d6777b11d0e8cd4a3b62cf707417/docs/extending/rich_text_internals.md#L20,https://github.com/wagtail/wagtail/blob/bddc5eaf2e77d6777b11d0e8cd4a3b62cf707417/wagtail/rich_text/__init__.py#L52 ; https://github.com/wagtail/wagtail/blob/bddc5eaf2e77d6777b11d0e8cd4a3b62cf707417/wagtail/rich_text/rewriters.py#L173,Pending semantic review; lexical triage recorded,Not built
W13,wagtail,StreamField block validation is a form-layer operation,wagtail/stream-validation,advance,False,Block clean methods perform recursive validation through the form field; model full_clean alone does not establish valid block content.,Insert invalid block content programmatically versus through BlockField validation.,Boundary and recursive validation; include draft deferred-validation conditions in fixture review.,https://github.com/wagtail/wagtail/blob/bddc5eaf2e77d6777b11d0e8cd4a3b62cf707417/docs/advanced_topics/streamfield_validation.md#L36,https://github.com/wagtail/wagtail/blob/bddc5eaf2e77d6777b11d0e8cd4a3b62cf707417/wagtail/blocks/base.py#L790 ; https://github.com/wagtail/wagtail/blob/bddc5eaf2e77d6777b11d0e8cd4a3b62cf707417/wagtail/blocks/struct_block.py#L311 ; https://github.com/wagtail/wagtail/blob/bddc5eaf2e77d6777b11d0e8cd4a3b62cf707417/wagtail/fields.py#L110,Pending semantic review; lexical triage recorded,Not built
W14,wagtail,Search indexes require synchronization with model changes,wagtail/search-indexing,defer,False,Automatic index updates use configured signals and can be disabled; bulk or alternate write paths require checking whether those hooks run.,Ordinary save versus a write path that bypasses signals; contrast explicit rebuild.,At this snapshot the implementation is re-exported from modelsearch. Pin and inspect that dependency and backend before advancing; local import stubs are insufficient evidence.,https://github.com/wagtail/wagtail/blob/bddc5eaf2e77d6777b11d0e8cd4a3b62cf707417/docs/topics/search/indexing.md#L17,https://github.com/wagtail/wagtail/blob/bddc5eaf2e77d6777b11d0e8cd4a3b62cf707417/wagtail/search/signal_handlers.py#L1 ; https://github.com/wagtail/wagtail/blob/bddc5eaf2e77d6777b11d0e8cd4a3b62cf707417/wagtail/search/index.py#L1,Pending semantic review; lexical triage recorded,Not built
W15,wagtail,Search fields and filter fields serve different purposes,wagtail/search-indexing,defer,False,A filter field is not automatically a full-text search field.,Search a field registered only for filtering.,"A mostly local interface distinction, with its actual classes now supplied by modelsearch; defer pending dependency evidence and likely retain only as calibration.",https://github.com/wagtail/wagtail/blob/bddc5eaf2e77d6777b11d0e8cd4a3b62cf707417/docs/topics/search/indexing.md#L125,https://github.com/wagtail/wagtail/blob/bddc5eaf2e77d6777b11d0e8cd4a3b62cf707417/wagtail/search/index.py#L1,Pending semantic review; lexical triage recorded,Not built
W16,wagtail,Renditions preserve originals and reuse derived representations,wagtail/image-renditions,advance,False,Renditions are derived image files looked up using transformation and source-related identity; producing one does not replace the original image.,"Request the same rendition twice, then change a focal point or filter; check reuse and distinct derived output.","Derived-artifact lifecycle; exact cache identity comes from code evidence, not invented rationale.",https://github.com/wagtail/wagtail/blob/bddc5eaf2e77d6777b11d0e8cd4a3b62cf707417/docs/advanced_topics/images/renditions.md#L6,https://github.com/wagtail/wagtail/blob/bddc5eaf2e77d6777b11d0e8cd4a3b62cf707417/wagtail/images/models.py#L533 ; https://github.com/wagtail/wagtail/blob/bddc5eaf2e77d6777b11d0e8cd4a3b62cf707417/wagtail/images/models.py#L569,Pending semantic review; lexical triage recorded,Not built
W17,wagtail,Changing the custom image model after deployment,wagtail/image-model-migration,advance,False,Selecting a model in configuration does not by itself migrate existing image and rendition data.,Switch the setting with existing content and distinguish model resolution from a safe data migration.,Explicit migration reference located and model-resolution code inspected. Configuration switches resolution but does not copy old data; a migration fixture is still required.,https://github.com/wagtail/wagtail/blob/bddc5eaf2e77d6777b11d0e8cd4a3b62cf707417/docs/advanced_topics/images/custom_image_model.md#L66,https://github.com/wagtail/wagtail/blob/bddc5eaf2e77d6777b11d0e8cd4a3b62cf707417/wagtail/images/__init__.py#L5,Pending semantic review; lexical triage recorded,Not built
W18,wagtail,Permission-policy internals do not carry public API guarantees,wagtail/api-authority,control,False,Importability and registry usage do not establish the hidden support guarantee; retain the documented public-function exception only in the documents-visible condition.,A convenient internal policy API is selected for a long-lived extension; require authority before promising compatibility.,Authority-negative control; code cannot establish future support commitments.,https://github.com/wagtail/wagtail/blob/bddc5eaf2e77d6777b11d0e8cd4a3b62cf707417/docs/reference/permissions.md#L8,https://github.com/wagtail/wagtail/blob/bddc5eaf2e77d6777b11d0e8cd4a3b62cf707417/wagtail/permissions.py#L12,Pending semantic review; lexical triage recorded,Not built
W19,wagtail,Admin access is restricted to trusted users,wagtail/trust-authority,control,False,Fine-grained editor permissions do not establish that arbitrary untrusted users are within the project's intended admin threat model.,A deployment proposes open public editor accounts; code-only answer cannot certify the intended trust assumption.,"Organisational trust statement, not an inferable authorization rule.",https://github.com/wagtail/wagtail/blob/bddc5eaf2e77d6777b11d0e8cd4a3b62cf707417/docs/topics/permissions.md#L10,https://github.com/wagtail/wagtail/blob/bddc5eaf2e77d6777b11d0e8cd4a3b62cf707417/wagtail/admin/auth.py#L103,Pending semantic review; lexical triage recorded,Not built
W20,wagtail,Patch compatibility has a security/data-loss exception,wagtail/release-authority,control,False,A version tuple cannot establish the published future compatibility promise or its exceptions.,A patch release changes behavior to address data loss; hidden release policy must not be guessed as established authority.,"Authority-negative control, with a version file as evidence context rather than proof of policy.",https://github.com/wagtail/wagtail/blob/bddc5eaf2e77d6777b11d0e8cd4a3b62cf707417/docs/releases/release_process.md#L16,https://github.com/wagtail/wagtail/blob/bddc5eaf2e77d6777b11d0e8cd4a3b62cf707417/wagtail/__init__.py#L9,Pending semantic review; lexical triage recorded,Not built
W21,wagtail,Four-space indentation,wagtail/formatting,reject,False,The project specifies four-space indentation.,A differently indented otherwise equivalent file.,Formatting compliance is outside the main interpretation claim; rejected rather than used to inflate sample size.,https://github.com/wagtail/wagtail/blob/bddc5eaf2e77d6777b11d0e8cd4a3b62cf707417/docs/contributing/python_guidelines.md#L9,,Pending semantic review; lexical triage recorded,Not built
P01,paperless-ngx,Watcher and task processor have separate responsibilities,paperless-ngx/consumption-pipeline,advance,False,"The directory watcher submits consumption work; workers perform document processing, also accepting other ingestion sources.",A slow parser should occupy worker processing rather than block the watcher from discovering all later files.,Architectural request/discovery/worker boundary; transport and concurrency fixture still needed.,https://github.com/paperless-ngx/paperless-ngx/blob/835c4e51d0b145007bfac934009713dd8bbf3598/docs/usage.md#L1164,https://github.com/paperless-ngx/paperless-ngx/blob/835c4e51d0b145007bfac934009713dd8bbf3598/src/documents/management/commands/document_consumer.py#L312 ; https://github.com/paperless-ngx/paperless-ngx/blob/835c4e51d0b145007bfac934009713dd8bbf3598/src/documents/tasks.py#L182,Pending semantic review; lexical triage recorded,Not built
P02,paperless-ngx,Pre-consumption mutations use a working copy,paperless-ngx/consumption-hooks,advance,False,The pre-hook receives original and working paths; a modifying hook should use the working copy rather than retrigger the watched source.,A deterministic modification of the working copy versus editing the watched original.,File ownership and processing-stage boundary; do not infer all external hooks are safe.,https://github.com/paperless-ngx/paperless-ngx/blob/835c4e51d0b145007bfac934009713dd8bbf3598/docs/advanced_usage.md#L217,https://github.com/paperless-ngx/paperless-ngx/blob/835c4e51d0b145007bfac934009713dd8bbf3598/src/documents/consumer.py#L290 ; https://github.com/paperless-ngx/paperless-ngx/blob/835c4e51d0b145007bfac934009713dd8bbf3598/src/documents/consumer.py#L312,Pending semantic review; lexical triage recorded,Not built
P03,paperless-ngx,Post-consumption hook runs after successful storage,paperless-ngx/consumption-hooks,advance,False,A post-hook runs after the core consumption/storage phase and is not a rollback mechanism for that completed phase.,A failing post-hook versus a failure inside transactional storage; distinguish recorded task failure from reversal of stored data.,Lifecycle and transaction boundary; filesystem and database effects need separate checks.,https://github.com/paperless-ngx/paperless-ngx/blob/835c4e51d0b145007bfac934009713dd8bbf3598/docs/advanced_usage.md#L288,https://github.com/paperless-ngx/paperless-ngx/blob/835c4e51d0b145007bfac934009713dd8bbf3598/src/documents/consumer.py#L332 ; https://github.com/paperless-ngx/paperless-ngx/blob/835c4e51d0b145007bfac934009713dd8bbf3598/src/documents/consumer.py#L793,Pending semantic review; lexical triage recorded,Not built
P04,paperless-ngx,Duplicate handling is conditional at this snapshot,paperless-ngx/duplicate-consumption,advance,False,Matching original or archive hashes causes duplicate rejection/deletion only when the configured duplicate-deletion mode is enabled; duplicates are otherwise allowed at this snapshot.,"Identical content under the two settings, including a match in trash; do not reuse older reject-all assumptions.",Version-sensitive lifecycle rule; exact default is easy but the combined behavior is substantive.,https://github.com/paperless-ngx/paperless-ngx/blob/835c4e51d0b145007bfac934009713dd8bbf3598/docs/configuration.md#L1361,https://github.com/paperless-ngx/paperless-ngx/blob/835c4e51d0b145007bfac934009713dd8bbf3598/src/documents/consumer.py#L1003 ; https://github.com/paperless-ngx/paperless-ngx/blob/835c4e51d0b145007bfac934009713dd8bbf3598/src/paperless/settings/__init__.py#L824,Pending semantic review; lexical triage recorded,Not built
P05,paperless-ngx,Workflow assignments override scalars and merge sets,paperless-ngx/workflow-processing,advance,False,Actions run in order; later scalar assignments override while multi-item assignments such as tags are merged unless an explicit removal action applies.,Two ordered actions set conflicting correspondent values and overlapping tag sets.,Noncommutative action composition with legitimate removal exceptions.,https://github.com/paperless-ngx/paperless-ngx/blob/835c4e51d0b145007bfac934009713dd8bbf3598/docs/usage.md#L485,https://github.com/paperless-ngx/paperless-ngx/blob/835c4e51d0b145007bfac934009713dd8bbf3598/src/documents/signals/handlers.py#L926 ; https://github.com/paperless-ngx/paperless-ngx/blob/835c4e51d0b145007bfac934009713dd8bbf3598/src/documents/workflows/mutations.py#L16 ; https://github.com/paperless-ngx/paperless-ngx/blob/835c4e51d0b145007bfac934009713dd8bbf3598/src/documents/workflows/utils.py#L14,Pending semantic review; lexical triage recorded,Not built
P06,paperless-ngx,Workflow filters depend on processing stage,paperless-ngx/workflow-processing,advance,False,Consumption-started filters can use source context; added/updated stages use extracted document metadata and content under their supported filter rules.,A filename/source filter before consumption versus a content filter after extraction.,"Pipeline information availability; related to P05, not another independent subsystem.",https://github.com/paperless-ngx/paperless-ngx/blob/835c4e51d0b145007bfac934009713dd8bbf3598/docs/usage.md#L497,https://github.com/paperless-ngx/paperless-ngx/blob/835c4e51d0b145007bfac934009713dd8bbf3598/src/documents/signals/handlers.py#L806 ; https://github.com/paperless-ngx/paperless-ngx/blob/835c4e51d0b145007bfac934009713dd8bbf3598/src/documents/matching.py#L637,Pending semantic review; lexical triage recorded,Not built
P07,paperless-ngx,Global access and object permissions both matter,paperless-ngx/object-permissions,advance,False,Access to an endpoint does not automatically authorize every object returned by that endpoint; queryset and object checks must respect ownership and grants.,A user with document-view capability requests a document owned by someone else without an object grant.,Crosses endpoint authorization and data selection.,https://github.com/paperless-ngx/paperless-ngx/blob/835c4e51d0b145007bfac934009713dd8bbf3598/docs/usage.md#L426,https://github.com/paperless-ngx/paperless-ngx/blob/835c4e51d0b145007bfac934009713dd8bbf3598/src/documents/permissions.py#L30 ; https://github.com/paperless-ngx/paperless-ngx/blob/835c4e51d0b145007bfac934009713dd8bbf3598/src/documents/permissions.py#L267,Pending semantic review; lexical triage recorded,Not built
P08,paperless-ngx,Ownerless objects are a compatibility exception,paperless-ngx/object-permissions,advance,False,Ownerless objects are treated differently from privately owned objects; this exception does not mean anonymous endpoint access is permitted.,Ownerless and privately owned documents under the same authenticated endpoint permissions.,Important exception within P07's family; historical compatibility rationale is only documented evidence.,https://github.com/paperless-ngx/paperless-ngx/blob/835c4e51d0b145007bfac934009713dd8bbf3598/docs/usage.md#L456,https://github.com/paperless-ngx/paperless-ngx/blob/835c4e51d0b145007bfac934009713dd8bbf3598/src/documents/permissions.py#L455 ; https://github.com/paperless-ngx/paperless-ngx/blob/835c4e51d0b145007bfac934009713dd8bbf3598/src/documents/permissions.py#L176,Pending semantic review; lexical triage recorded,Not built
P09,paperless-ngx,Workflow configuration is global rather than owner-scoped,paperless-ngx/workflow-authority,advance,False,"Workflow definitions are shared and governed by application-level permissions, rather than an owner-specific workflow collection.",Two users with workflow-edit permission see the same workflows; do not infer workflows inherit document ownership restrictions.,Administrative boundary with potential effects on many documents.,https://github.com/paperless-ngx/paperless-ngx/blob/835c4e51d0b145007bfac934009713dd8bbf3598/docs/usage.md#L753,https://github.com/paperless-ngx/paperless-ngx/blob/835c4e51d0b145007bfac934009713dd8bbf3598/src/documents/models.py#L1967 ; https://github.com/paperless-ngx/paperless-ngx/blob/835c4e51d0b145007bfac934009713dd8bbf3598/src/documents/views.py#L5009,Pending semantic review; lexical triage recorded,Not built
P10,paperless-ngx,Classifier training excludes inbox material,paperless-ngx/classifier-training,advance,False,The training corpus excludes documents carrying an inbox tag; removing that tag can make a labelled document eligible for training.,A document with both an inbox tag and a topical tag versus one whose inbox tag has been removed.,Data-selection boundary; code cannot prove the remaining labels are actually correct.,https://github.com/paperless-ngx/paperless-ngx/blob/835c4e51d0b145007bfac934009713dd8bbf3598/docs/advanced_usage.md#L76,https://github.com/paperless-ngx/paperless-ngx/blob/835c4e51d0b145007bfac934009713dd8bbf3598/src/documents/classifier.py#L224 ; https://github.com/paperless-ngx/paperless-ngx/blob/835c4e51d0b145007bfac934009713dd8bbf3598/src/documents/classifier.py#L233,Pending semantic review; lexical triage recorded,Not built
P11,paperless-ngx,Persistent filenames require coordinated moves,paperless-ngx/file-identity,advance,False,Stored file names are part of document state; changing physical paths requires coordinated updates rather than an untracked filesystem move.,A metadata/storage-path rename through the application versus moving the file externally.,Database/filesystem consistency; changing the global format requires an explicit existing-file rename step.,https://github.com/paperless-ngx/paperless-ngx/blob/835c4e51d0b145007bfac934009713dd8bbf3598/docs/advanced_usage.md#L377,https://github.com/paperless-ngx/paperless-ngx/blob/835c4e51d0b145007bfac934009713dd8bbf3598/src/documents/file_handling.py#L65 ; https://github.com/paperless-ngx/paperless-ngx/blob/835c4e51d0b145007bfac934009713dd8bbf3598/src/documents/management/commands/document_renamer.py#L7,Pending semantic review; lexical triage recorded,Not built
P12,paperless-ngx,Trash and permanent deletion are different states,paperless-ngx/document-deletion,defer,False,"Soft deletion preserves recoverable state; final deletion removes database/archive state, and an optional trash destination retains only the original file.",Restore a soft-deleted document versus recover from the configured post-deletion directory.,"Permanent cleanup is visible locally, but the soft-delete manager/restore semantics come from django-softdelete. Pin and inspect that dependency before final lifecycle gold.",https://github.com/paperless-ngx/paperless-ngx/blob/835c4e51d0b145007bfac934009713dd8bbf3598/docs/usage.md#L816,https://github.com/paperless-ngx/paperless-ngx/blob/835c4e51d0b145007bfac934009713dd8bbf3598/src/documents/models.py#L513 ; https://github.com/paperless-ngx/paperless-ngx/blob/835c4e51d0b145007bfac934009713dd8bbf3598/src/documents/tasks.py#L471 ; https://github.com/paperless-ngx/paperless-ngx/blob/835c4e51d0b145007bfac934009713dd8bbf3598/src/documents/signals/handlers.py#L344,Pending semantic review; lexical triage recorded,Not built
P13,paperless-ngx,Archive-generation settings have parser-specific exceptions,paperless-ngx/archive-rendition,advance,False,"Archive policy depends on mode, document characteristics, and parser rendition requirements; never mode does not remove a mandatory display rendition.","A scanned image, born-digital PDF, and a format requiring a PDF rendition under the same mode.",Conditional behavior across orchestration and parser capability.,https://github.com/paperless-ngx/paperless-ngx/blob/835c4e51d0b145007bfac934009713dd8bbf3598/docs/configuration.md#L964,https://github.com/paperless-ngx/paperless-ngx/blob/835c4e51d0b145007bfac934009713dd8bbf3598/src/documents/consumer.py#L124 ; https://github.com/paperless-ngx/paperless-ngx/blob/835c4e51d0b145007bfac934009713dd8bbf3598/src/paperless/parsers/tika.py#L63,Pending semantic review; lexical triage recorded,Not built
P14,paperless-ngx,PDF editing documentation omits the inspected versioning path,paperless-ngx/pdf-versioning-conflict,control,False,"The guide describes editing the original, but the inspected rotate/delete-pages paths write a temporary PDF and enqueue consumption with a root_document_id to create a new version. Do not claim in-place byte mutation or guaranteed archival retention without tracing the version pipeline.",Documents-visible interpretation must reconcile original-file wording with new-version dispatch; code-only should describe that dispatch. A fixture must inspect old and new bytes after worker completion.,"Concrete source/documentation mismatch found during deeper review. Full retention semantics have not been executed, so this is a conflict candidate rather than a proven immutable-original guarantee.",https://github.com/paperless-ngx/paperless-ngx/blob/835c4e51d0b145007bfac934009713dd8bbf3598/docs/usage.md#L806,https://github.com/paperless-ngx/paperless-ngx/blob/835c4e51d0b145007bfac934009713dd8bbf3598/src/documents/bulk_edit.py#L446 ; https://github.com/paperless-ngx/paperless-ngx/blob/835c4e51d0b145007bfac934009713dd8bbf3598/src/documents/bulk_edit.py#L814,Pending semantic review; lexical triage recorded,Not built
P15,paperless-ngx,Parser plugins use a structural interface and entry points,paperless-ngx/parser-extension,advance,False,A parser can satisfy the protocol without inheriting a prescribed base class; discovery uses package entry points and validates required class-level members.,A structurally valid external parser with no inheritance versus a subclass missing a required member.,Extension boundary connecting discovery and interface validation.,https://github.com/paperless-ngx/paperless-ngx/blob/835c4e51d0b145007bfac934009713dd8bbf3598/docs/development.md#L408,https://github.com/paperless-ngx/paperless-ngx/blob/835c4e51d0b145007bfac934009713dd8bbf3598/src/paperless/parsers/__init__.py#L117 ; https://github.com/paperless-ngx/paperless-ngx/blob/835c4e51d0b145007bfac934009713dd8bbf3598/src/paperless/parsers/registry.py#L216,Pending semantic review; lexical triage recorded,Not built
P16,paperless-ngx,"Parser selection uses scores, abstention, and tie precedence",paperless-ngx/parser-extension,advance,False,"Eligible parsers compete by score; None declines, and equal scores prefer external parsers through evaluation order.","Higher-scored built-in, tied external parser, and an external parser returning None.",Selection and extension interaction; correlated with P15.,https://github.com/paperless-ngx/paperless-ngx/blob/835c4e51d0b145007bfac934009713dd8bbf3598/docs/development.md#L442,https://github.com/paperless-ngx/paperless-ngx/blob/835c4e51d0b145007bfac934009713dd8bbf3598/src/paperless/parsers/registry.py#L332 ; https://github.com/paperless-ngx/paperless-ngx/blob/835c4e51d0b145007bfac934009713dd8bbf3598/src/paperless/parsers/registry.py#L380,Pending semantic review; lexical triage recorded,Not built
P17,paperless-ngx,Remote parser eligibility depends on declared capability,paperless-ngx/parser-remote-boundary,advance,False,Declared remote parsers are excluded when remote processing is not allowed; an undeclared third-party remote call is not prevented by this metadata gate.,A declared remote parser outranks a local one while remote processing is disabled; contrast an undeclared remote implementation.,Capability gate with an important trust limitation; does not prove network confinement.,https://github.com/paperless-ngx/paperless-ngx/blob/835c4e51d0b145007bfac934009713dd8bbf3598/docs/development.md#L474,https://github.com/paperless-ngx/paperless-ngx/blob/835c4e51d0b145007bfac934009713dd8bbf3598/src/paperless/parsers/registry.py#L365 ; https://github.com/paperless-ngx/paperless-ngx/blob/835c4e51d0b145007bfac934009713dd8bbf3598/src/documents/consumer.py#L458,Pending semantic review; lexical triage recorded,Not built
P18,paperless-ngx,External database modifications require downtime,paperless-ngx/database-operations-authority,control,False,The code/configuration does not establish authorization for live external database edits; the operational prohibition requires its published policy reference.,An operator proposes restoring or manually modifying the database while workers run.,Authority-negative control; code can identify consistency risks but cannot establish the hidden operational rule as approved.,https://github.com/paperless-ngx/paperless-ngx/blob/835c4e51d0b145007bfac934009713dd8bbf3598/docs/configuration.md#L258,https://github.com/paperless-ngx/paperless-ngx/blob/835c4e51d0b145007bfac934009713dd8bbf3598/src/paperless/settings/__init__.py#L544,Pending semantic review; lexical triage recorded,Not built
P19,paperless-ngx,Audit log actor differs for workflow changes,paperless-ngx/audit-trail,defer,False,The published history behavior distinguishes system/workflow changes from attributed user changes; audit completeness depends on enabled settings and paths.,A manual metadata edit versus a workflow edit with audit logging enabled.,"Reference located, but exact audit-actor integration not traced sufficiently. Do not use this as calibrated gold until that path is inspected and exercised.",https://github.com/paperless-ngx/paperless-ngx/blob/835c4e51d0b145007bfac934009713dd8bbf3598/docs/usage.md#L812,https://github.com/paperless-ngx/paperless-ngx/blob/835c4e51d0b145007bfac934009713dd8bbf3598/src/documents/signals/handlers.py#L806,Pending semantic review; lexical triage recorded,Not built
P20,paperless-ngx,Parser identity must exist before instantiation,paperless-ngx/parser-extension,merge,False,"Discovery reads parser identity and required methods on the class, before creating a parser instance.",Move identity fields into the instance constructor.,Merge into P15 as a negative challenge instead of inflating the decision count.,https://github.com/paperless-ngx/paperless-ngx/blob/835c4e51d0b145007bfac934009713dd8bbf3598/docs/development.md#L414,https://github.com/paperless-ngx/paperless-ngx/blob/835c4e51d0b145007bfac934009713dd8bbf3598/src/paperless/parsers/registry.py#L56,Pending semantic review; lexical triage recorded,Not built
P21,paperless-ngx,Keyboard shortcut help,paperless-ngx/interface-help,reject,False,The application exposes shortcut help.,Open the shortcut-help interface.,User-interface feature lookup offers no meaningful architectural interpretation challenge; no implementation audit warranted.,https://github.com/paperless-ngx/paperless-ngx/blob/835c4e51d0b145007bfac934009713dd8bbf3598/docs/usage.md#L1020,,Pending semantic review; lexical triage recorded,Not built
H01,httpx,Client lifetime owns reusable transport resources,httpx/client-lifetime,advance,False,A reused client owns a persistent transport/pool and should be closed at the end of its lifetime; top-level requests create shorter-lived clients.,A batch of requests through one client versus constructing a client per request; check ownership and close behavior without claiming a measured speedup.,"Resource lifecycle spans top-level API, client, and transport; actual connection reuse depends on httpcore.",https://github.com/encode/httpx/blob/b5addb64f0161ff6bfe94c124ef76f6a1fba5254/docs/advanced/clients.md#L13,https://github.com/encode/httpx/blob/b5addb64f0161ff6bfe94c124ef76f6a1fba5254/httpx/_api.py#L102 ; https://github.com/encode/httpx/blob/b5addb64f0161ff6bfe94c124ef76f6a1fba5254/httpx/_client.py#L156 ; https://github.com/encode/httpx/blob/b5addb64f0161ff6bfe94c124ef76f6a1fba5254/httpx/_transports/default.py#L156,Pending semantic review; lexical triage recorded,Not built
H02,httpx,Client and request configuration merge selectively,httpx/request-configuration,advance,False,"Building a request merges selected collections, with request values overriding conflicts; other supported options follow their own override semantics.",Shared client headers and per-request overrides while preserving unrelated headers and parameters.,Configuration composition; do not infer every client option is available per request.,https://github.com/encode/httpx/blob/b5addb64f0161ff6bfe94c124ef76f6a1fba5254/docs/advanced/clients.md#L96,https://github.com/encode/httpx/blob/b5addb64f0161ff6bfe94c124ef76f6a1fba5254/httpx/_client.py#L340 ; https://github.com/encode/httpx/blob/b5addb64f0161ff6bfe94c124ef76f6a1fba5254/httpx/_client.py#L424 ; https://github.com/encode/httpx/blob/b5addb64f0161ff6bfe94c124ef76f6a1fba5254/httpx/_client.py#L433,Pending semantic review; lexical triage recorded,Not built
H03,httpx,Explicit requests bypass automatic client-option merging,httpx/request-configuration,advance,False,Build_request applies client configuration before sending; a directly constructed Request is not retroactively given all client headers and base-URL configuration by send.,"Remove a sensitive header after build_request, and compare send of a directly constructed Request.",Preparation/dispatch boundary; grouped with H02.,https://github.com/encode/httpx/blob/b5addb64f0161ff6bfe94c124ef76f6a1fba5254/docs/advanced/clients.md#L162,https://github.com/encode/httpx/blob/b5addb64f0161ff6bfe94c124ef76f6a1fba5254/httpx/_client.py#L340 ; https://github.com/encode/httpx/blob/b5addb64f0161ff6bfe94c124ef76f6a1fba5254/httpx/_client.py#L879,Pending semantic review; lexical triage recorded,Not built
H04,httpx,Streaming response ownership requires closure,httpx/response-lifetime,advance,False,Context-managed streaming closes the response on exit; manual streaming transfers responsibility for eventual closure to the caller.,Partially consume a response then exit normally or raise; contrast manual send with explicit close.,Resource ownership and exceptional control flow.,https://github.com/encode/httpx/blob/b5addb64f0161ff6bfe94c124ef76f6a1fba5254/docs/async.md#L87,https://github.com/encode/httpx/blob/b5addb64f0161ff6bfe94c124ef76f6a1fba5254/httpx/_client.py#L1543 ; https://github.com/encode/httpx/blob/b5addb64f0161ff6bfe94c124ef76f6a1fba5254/httpx/_client.py#L1594 ; https://github.com/encode/httpx/blob/b5addb64f0161ff6bfe94c124ef76f6a1fba5254/httpx/_models.py#L1065,Pending semantic review; lexical triage recorded,Not built
H05,httpx,Response hooks precede automatic body consumption,httpx/response-lifetime,advance,False,"Response hooks run before the client decides to read the body; a hook needing bytes must read explicitly, using the appropriate sync/async API.",A streaming response hook accesses content before read versus an explicitly reading hook.,"Ordering and I/O boundary, not merely registration syntax.",https://github.com/encode/httpx/blob/b5addb64f0161ff6bfe94c124ef76f6a1fba5254/docs/advanced/event-hooks.md#L34,https://github.com/encode/httpx/blob/b5addb64f0161ff6bfe94c124ef76f6a1fba5254/httpx/_client.py#L964 ; https://github.com/encode/httpx/blob/b5addb64f0161ff6bfe94c124ef76f6a1fba5254/httpx/_client.py#L879,Pending semantic review; lexical triage recorded,Not built
H06,httpx,Shared authentication logic is separated from sync/async I/O,httpx/authentication-flow,advance,False,"A common generator-based auth flow can serve sync and async clients; body requirements are declared, while other I/O needs the appropriate specialized flow override.",Add an authentication cache or body-dependent signature without silently blocking the async path.,Meaningful interface/side-effect separation with valid alternatives.,https://github.com/encode/httpx/blob/b5addb64f0161ff6bfe94c124ef76f6a1fba5254/docs/advanced/authentication.md#L125,https://github.com/encode/httpx/blob/b5addb64f0161ff6bfe94c124ef76f6a1fba5254/httpx/_auth.py#L62 ; https://github.com/encode/httpx/blob/b5addb64f0161ff6bfe94c124ef76f6a1fba5254/httpx/_auth.py#L87 ; https://github.com/encode/httpx/blob/b5addb64f0161ff6bfe94c124ef76f6a1fba5254/httpx/_client.py#L930,Pending semantic review; lexical triage recorded,Not built
H07,httpx,Transport mounts resolve specific patterns before broad ones,httpx/transport-routing,advance,False,Mount resolution uses URL-pattern specificity rather than insertion order; a None exclusion falls back to the ordinary transport.,"Overlapping scheme, domain, and port routes plus an explicit exclusion.",Routing and precedence cross implementation components.,https://github.com/encode/httpx/blob/b5addb64f0161ff6bfe94c124ef76f6a1fba5254/docs/advanced/transports.md#L338,https://github.com/encode/httpx/blob/b5addb64f0161ff6bfe94c124ef76f6a1fba5254/httpx/_utils.py#L206 ; https://github.com/encode/httpx/blob/b5addb64f0161ff6bfe94c124ef76f6a1fba5254/httpx/_client.py#L760,Pending semantic review; lexical triage recorded,Not built
H08,httpx,Extensions carry optional transport information,httpx/transport-interface,advance,False,Request extensions carry optional metadata such as timeouts through the client/transport boundary; support for arbitrary extensions is transport-dependent.,A custom transport forwards a timeout extension while an unknown extension is not assumed implemented.,Interface extensibility; inspect upstream dependencies for end-to-end semantics.,https://github.com/encode/httpx/blob/b5addb64f0161ff6bfe94c124ef76f6a1fba5254/docs/advanced/extensions.md#L5,https://github.com/encode/httpx/blob/b5addb64f0161ff6bfe94c124ef76f6a1fba5254/httpx/_client.py#L584 ; https://github.com/encode/httpx/blob/b5addb64f0161ff6bfe94c124ef76f6a1fba5254/httpx/_transports/default.py#L247,Pending semantic review; lexical triage recorded,Not built
H09,httpx,Built-in connection retries do not cover all failure types,httpx/transport-retries,defer,False,"The documented retries option concerns connection failures, not blanket retries for read errors or HTTP status codes.",ConnectError versus a 503 response and a read failure under the same retries setting.,Retry implementation is in httpcore; pin and inspect it before treating local forwarding code as sufficient gold.,https://github.com/encode/httpx/blob/b5addb64f0161ff6bfe94c124ef76f6a1fba5254/docs/advanced/transports.md#L17,https://github.com/encode/httpx/blob/b5addb64f0161ff6bfe94c124ef76f6a1fba5254/httpx/_transports/default.py#L165,Pending semantic review; lexical triage recorded,Not built
H10,httpx,ASGI request transport excludes application lifespan management,httpx/transport-interface,advance,False,The ASGI transport dispatches HTTP scopes and does not provide startup/shutdown lifespan orchestration; that lifecycle requires a separate component.,An application requiring startup state under bare transport versus an external lifespan manager.,Explicit responsibility boundary with a plausible but wrong expectation.,https://github.com/encode/httpx/blob/b5addb64f0161ff6bfe94c124ef76f6a1fba5254/docs/advanced/transports.md#L145,https://github.com/encode/httpx/blob/b5addb64f0161ff6bfe94c124ef76f6a1fba5254/httpx/_transports/asgi.py#L99 ; https://github.com/encode/httpx/blob/b5addb64f0161ff6bfe94c124ef76f6a1fba5254/httpx/_transports/asgi.py#L107,Pending semantic review; lexical triage recorded,Not built
H11,httpx,Per-request cookie documentation overstates removal,httpx/cookie-policy,control,False,At this snapshot per-request client cookies still work with a deprecation warning; recommended client-level storage is distinct from an enforced ban.,Give documents and code together and require a discrepancy report; code-only must not invent hidden removal policy.,Concrete documentation/code conflict; do not use the documentation alone as an answer key.,https://github.com/encode/httpx/blob/b5addb64f0161ff6bfe94c124ef76f6a1fba5254/docs/compatibility.md#L114,https://github.com/encode/httpx/blob/b5addb64f0161ff6bfe94c124ef76f6a1fba5254/httpx/_client.py#L806 ; https://github.com/encode/httpx/blob/b5addb64f0161ff6bfe94c124ef76f6a1fba5254/httpx/_client.py#L413,Pending semantic review; lexical triage recorded,Not built
H12,httpx,Response-encoding documentation conflicts with default behavior,httpx/encoding-policy,control,False,The default response fallback is UTF-8 unless overridden; the compatibility guide's automatic charset-detection description conflicts with the dedicated guide and implementation.,A no-charset response under default settings versus a configured detection callable.,Conflict control with executable discriminator; hidden-document conflict is scored only when documents are visible.,https://github.com/encode/httpx/blob/b5addb64f0161ff6bfe94c124ef76f6a1fba5254/docs/compatibility.md#L101,https://github.com/encode/httpx/blob/b5addb64f0161ff6bfe94c124ef76f6a1fba5254/httpx/_models.py#L167 ; https://github.com/encode/httpx/blob/b5addb64f0161ff6bfe94c124ef76f6a1fba5254/httpx/_client.py#L202,Pending semantic review; lexical triage recorded,Not built
H13,httpx,Redirect default does not reveal its design motivation,httpx/redirect-authority,control,False,Code supports the default and opt-in behavior; it does not establish the published motivation about visibility of network calls as the actual reason.,Recover the default but ask separately for motive; accept unconfirmed rationale rather than fabricated certainty.,Useful content-versus-intent control; do not count the same default twice as positive evidence.,https://github.com/encode/httpx/blob/b5addb64f0161ff6bfe94c124ef76f6a1fba5254/docs/compatibility.md#L12,https://github.com/encode/httpx/blob/b5addb64f0161ff6bfe94c124ef76f6a1fba5254/httpx/_client.py#L197 ; https://github.com/encode/httpx/blob/b5addb64f0161ff6bfe94c124ef76f6a1fba5254/httpx/_client.py#L964,Pending semantic review; lexical triage recorded,Not built
H14,httpx,Timeout default is a local parameter fact,httpx/timeout-default,calibration,False,"Default network inactivity timeout is five seconds, with explicit disabling and phase-specific settings available.",Distinguish a default inactivity timeout from a total wall-clock deadline.,Local/default recovery is calibration; phase enforcement belongs to the transport dependency.,https://github.com/encode/httpx/blob/b5addb64f0161ff6bfe94c124ef76f6a1fba5254/docs/advanced/timeouts.md#L3,https://github.com/encode/httpx/blob/b5addb64f0161ff6bfe94c124ef76f6a1fba5254/httpx/_config.py#L246,Pending semantic review; lexical triage recorded,Not built
H15,httpx,SSL configuration belongs to client transport construction,httpx/client-lifetime,advance,False,SSL configuration initializes transport resources at client construction; different SSL configurations require appropriately separate clients/transports rather than arbitrary per-request verify settings.,Requests to two trust domains with different SSL contexts; reject adding an unsupported request-level option.,Configuration follows resource ownership; related to H01 rather than independent repetition.,https://github.com/encode/httpx/blob/b5addb64f0161ff6bfe94c124ef76f6a1fba5254/docs/compatibility.md#L174,https://github.com/encode/httpx/blob/b5addb64f0161ff6bfe94c124ef76f6a1fba5254/httpx/_client.py#L718 ; https://github.com/encode/httpx/blob/b5addb64f0161ff6bfe94c124ef76f6a1fba5254/httpx/_transports/default.py#L153,Pending semantic review; lexical triage recorded,Not built
H16,httpx,Multipart file uploads require binary streams,httpx/multipart-input,calibration,False,Multipart uploads reject text-mode file objects; binary streams preserve bytes.,Equivalent text-mode and binary-mode file objects.,A direct local validation check; insufficient architectural depth for headline evidence.,https://github.com/encode/httpx/blob/b5addb64f0161ff6bfe94c124ef76f6a1fba5254/docs/compatibility.md#L94,https://github.com/encode/httpx/blob/b5addb64f0161ff6bfe94c124ef76f6a1fba5254/httpx/_multipart.py#L162,Pending semantic review; lexical triage recorded,Not built
H17,httpx,HTTP/2 opt-in does not prove the published robustness rationale,httpx/http2-authority,control,False,The default HTTP/2 setting is observable; the project rationale about comparative maturity cannot be established from a Boolean or the presence of two implementations.,Distinguish available protocol support from an empirically proven reliability ranking.,Authority/rationale-negative control; no performance or reliability result is implied.,https://github.com/encode/httpx/blob/b5addb64f0161ff6bfe94c124ef76f6a1fba5254/docs/http2.md#L22,https://github.com/encode/httpx/blob/b5addb64f0161ff6bfe94c124ef76f6a1fba5254/httpx/_client.py#L650 ; https://github.com/encode/httpx/blob/b5addb64f0161ff6bfe94c124ef76f6a1fba5254/httpx/_transports/default.py#L162,Pending semantic review; lexical triage recorded,Not built
H18,httpx,Sync and async request streams must match dispatch,httpx/stream-interface,advance,False,Client dispatch and transport consume their matching stream interfaces; async streaming request bodies cannot be supplied as ordinary sync iterators interchangeably.,"Feed a sync generator to async dispatch versus an async generator, preserving streaming rather than prebuffering everything.","Crosses encoding, client, and transport contracts.",https://github.com/encode/httpx/blob/b5addb64f0161ff6bfe94c124ef76f6a1fba5254/docs/async.md#L109,https://github.com/encode/httpx/blob/b5addb64f0161ff6bfe94c124ef76f6a1fba5254/httpx/_client.py#L1001 ; https://github.com/encode/httpx/blob/b5addb64f0161ff6bfe94c124ef76f6a1fba5254/httpx/_client.py#L1717 ; https://github.com/encode/httpx/blob/b5addb64f0161ff6bfe94c124ef76f6a1fba5254/httpx/_content.py#L67,Pending semantic review; lexical triage recorded,Not built
H19,httpx,No-proxy routes are mount exclusions,httpx/transport-routing,merge,False,No-proxy routes use specific exclusions and ordinary transport fallback.,A broad proxy route with one excluded domain.,Merge into H07; a second wording of the same precedence mechanism is not an independent decision.,https://github.com/encode/httpx/blob/b5addb64f0161ff6bfe94c124ef76f6a1fba5254/docs/advanced/transports.md#L417,https://github.com/encode/httpx/blob/b5addb64f0161ff6bfe94c124ef76f6a1fba5254/httpx/_client.py#L760 ; https://github.com/encode/httpx/blob/b5addb64f0161ff6bfe94c124ef76f6a1fba5254/httpx/_utils.py#L30,Pending semantic review; lexical triage recorded,Not built
H20,httpx,Bodyless convenience methods retain a generic escape hatch,httpx/request-method-api,calibration,False,"Convenience methods omit body parameters, while the generic request API permits explicit bodies for those methods.",A body passed to get versus request with method GET; do not turn convenience API design into a universal protocol prohibition.,Useful exception calibration; the guide's broad protocol explanation is not adopted as external HTTP truth.,https://github.com/encode/httpx/blob/b5addb64f0161ff6bfe94c124ef76f6a1fba5254/docs/compatibility.md#L182,https://github.com/encode/httpx/blob/b5addb64f0161ff6bfe94c124ef76f6a1fba5254/httpx/_client.py#L1036 ; https://github.com/encode/httpx/blob/b5addb64f0161ff6bfe94c124ef76f6a1fba5254/httpx/_client.py#L771,Pending semantic review; lexical triage recorded,Not built
H21,httpx,Uppercase status-code naming preference,httpx/naming-style,reject,False,The documentation prefers uppercase status names while retaining lowercase compatibility.,Use equivalent uppercase/lowercase names.,A naming preference is not a substantive decision-family test; reject from the main set.,https://github.com/encode/httpx/blob/b5addb64f0161ff6bfe94c124ef76f6a1fba5254/docs/compatibility.md#L125,,Pending semantic review; lexical triage recorded,Not built
